mean_fit_time,std_fit_time,mean_score_time,std_score_time,param_criterion,param_max_depth,param_n_estimators,params,split0_test_score,split1_test_score,split2_test_score,split3_test_score,split4_test_score,mean_test_score,std_test_score,rank_test_score
0.07194170951843262,0.028130964247375653,0.006485605239868164,0.0008889371494561885,gini,8,100,"{'criterion': 'gini', 'max_depth': 8, 'n_estimators': 100}",0.6666666666666666,1.0,0.5,0.5,0.5,0.6333333333333333,0.19436506316151003,1
0.0586888313293457,0.001173677331669813,0.005938053131103516,9.310335569153762e-05,gini,8,130,"{'criterion': 'gini', 'max_depth': 8, 'n_estimators': 130}",0.6666666666666666,1.0,0.5,0.5,0.5,0.6333333333333333,0.19436506316151003,1
0.049866342544555665,0.0016687818502289984,0.005984306335449219,0.0008921765948672499,gini,9,100,"{'criterion': 'gini', 'max_depth': 9, 'n_estimators': 100}",0.6666666666666666,1.0,0.5,0.5,0.5,0.6333333333333333,0.19436506316151003,1
0.058842706680297854,0.0010928410841578855,0.006183910369873047,0.0003989697215063215,gini,9,130,"{'criterion': 'gini', 'max_depth': 9, 'n_estimators': 130}",0.6666666666666666,1.0,0.5,0.5,0.5,0.6333333333333333,0.19436506316151003,1
0.04874186515808106,0.0018136843432011275,0.005385303497314453,0.0004880132955084503,entropy,8,100,"{'criterion': 'entropy', 'max_depth': 8, 'n_estimators': 100}",0.6666666666666666,1.0,0.5,0.5,0.5,0.6333333333333333,0.19436506316151003,1
0.0580446720123291,0.0014658497141469156,0.005186557769775391,0.0003989935313048969,entropy,8,130,"{'criterion': 'entropy', 'max_depth': 8, 'n_estimators': 130}",0.6666666666666666,1.0,0.5,0.5,0.5,0.6333333333333333,0.19436506316151003,1
0.04827117919921875,0.0004887146116319886,0.0055847644805908205,0.0004883641632658307,entropy,9,100,"{'criterion': 'entropy', 'max_depth': 9, 'n_estimators': 100}",0.6666666666666666,1.0,0.5,0.5,0.5,0.6333333333333333,0.19436506316151003,1
0.05728278160095215,0.0009350681669189333,0.005563211441040039,0.0004724133900260324,entropy,9,130,"{'criterion': 'entropy', 'max_depth': 9, 'n_estimators': 130}",0.6666666666666666,1.0,0.5,0.5,0.5,0.6333333333333333,0.19436506316151003,1
